Data,Hora,Ativa C (kWh)
06/08/2024,1,"955,08"
06/08/2024,2,"954,72"
06/08/2024,3,"955,44"
06/08/2024,4,"954,36"
06/08/2024,5,"954,36"
06/08/2024,6,"954,72"
06/08/2024,7,"954,72"
06/08/2024,8,"954,72"
06/08/2024,9,"955,8"
06/08/2024,10,"712,08"
06/08/2024,11,"2,16"
06/08/2024,12,"2,16"
06/08/2024,13,"2,16"
06/08/2024,14,"2,16"
06/08/2024,15,"1,8"
06/08/2024,16,"54,36"
06/08/2024,17,"866,52"
06/08/2024,18,945
06/08/2024,19,"949,68"
06/08/2024,20,"951,84"
06/08/2024,21,"952,56"
06/08/2024,22,"953,64"
06/08/2024,23,"954,36"
06/08/2024,24,"954,72"
07/08/2024,1,"954,72"
07/08/2024,2,"955,8"
07/08/2024,3,"955,44"
07/08/2024,4,"956,16"
07/08/2024,5,"956,52"
07/08/2024,6,"955,8"
07/08/2024,7,"956,16"
07/08/2024,8,"955,8"
07/08/2024,9,"956,88"
07/08/2024,10,"956,52"
07/08/2024,11,"956,16"
07/08/2024,12,"955,08"
07/08/2024,13,"955,44"
07/08/2024,14,"955,44"
07/08/2024,15,"955,44"
07/08/2024,16,"956,88"
07/08/2024,17,"955,08"
07/08/2024,18,"955,44"
07/08/2024,19,"957,6"
07/08/2024,20,"957,6"
07/08/2024,21,"955,08"
07/08/2024,22,"957,24"
07/08/2024,23,"956,52"
07/08/2024,24,"956,88"
08/08/2024,1,"956,16"
08/08/2024,2,"956,88"
08/08/2024,3,"955,44"
08/08/2024,4,"956,16"
08/08/2024,5,"955,8"
08/08/2024,6,"955,8"
08/08/2024,7,"955,8"
08/08/2024,8,"955,44"
08/08/2024,9,"955,8"
08/08/2024,10,"955,44"
08/08/2024,11,"954,36"
08/08/2024,12,"955,44"
08/08/2024,13,"955,8"
08/08/2024,14,"955,44"
08/08/2024,15,"955,44"
08/08/2024,16,"956,88"
08/08/2024,17,"955,44"
08/08/2024,18,"955,44"
08/08/2024,19,"956,88"
08/08/2024,20,"956,88"
08/08/2024,21,"955,8"
08/08/2024,22,"955,44"
08/08/2024,23,"957,6"
08/08/2024,24,"956,88"
09/08/2024,1,"956,88"
09/08/2024,2,"956,16"
09/08/2024,3,"955,8"
09/08/2024,4,"955,44"
09/08/2024,5,"955,8"
09/08/2024,6,"955,44"
09/08/2024,7,"956,52"
09/08/2024,8,"956,16"
09/08/2024,9,"955,8"
09/08/2024,10,"786,6"
09/08/2024,11,0
09/08/2024,12,0
09/08/2024,13,0
09/08/2024,14,0
09/08/2024,15,"135,72"
09/08/2024,16,756
09/08/2024,17,"950,76"
09/08/2024,18,"954,72"
09/08/2024,19,"956,52"
09/08/2024,20,"957,24"
09/08/2024,21,"956,88"
09/08/2024,22,"957,96"
09/08/2024,23,"955,8"
09/08/2024,24,"956,52"
10/08/2024,1,"957,6"
10/08/2024,2,"958,32"
10/08/2024,3,"957,96"
10/08/2024,4,"957,96"
10/08/2024,5,"958,32"
10/08/2024,6,"957,96"
10/08/2024,7,"958,68"
10/08/2024,8,"958,32"
10/08/2024,9,"958,32"
10/08/2024,10,"958,68"
10/08/2024,11,"958,68"
10/08/2024,12,"959,76"
10/08/2024,13,"958,68"
10/08/2024,14,"958,32"
10/08/2024,15,"959,4"
10/08/2024,16,"959,04"
10/08/2024,17,"286,56"
10/08/2024,18,0
10/08/2024,19,0
10/08/2024,20,0
10/08/2024,21,0
10/08/2024,22,0
10/08/2024,23,459
10/08/2024,24,"946,08"
11/08/2024,1,"947,88"
11/08/2024,2,"950,04"
11/08/2024,3,"950,76"
11/08/2024,4,"951,84"
11/08/2024,5,"951,48"
11/08/2024,6,"948,6"
11/08/2024,7,"949,68"
11/08/2024,8,"951,12"
11/08/2024,9,"949,68"
11/08/2024,10,"948,6"
11/08/2024,11,"946,44"
11/08/2024,12,"947,16"
11/08/2024,13,"948,6"
11/08/2024,14,"946,44"
11/08/2024,15,"945,36"
11/08/2024,16,"944,64"
11/08/2024,17,"943,56"
11/08/2024,18,"945,72"
11/08/2024,19,"946,8"
11/08/2024,20,"946,08"
11/08/2024,21,"946,08"
11/08/2024,22,"946,8"
11/08/2024,23,"946,8"
11/08/2024,24,"948,24"
12/08/2024,1,"946,8"
12/08/2024,2,"946,8"
12/08/2024,3,"947,16"
12/08/2024,4,"947,16"
12/08/2024,5,"948,24"
12/08/2024,6,"947,52"
12/08/2024,7,"947,52"
12/08/2024,8,"947,88"
12/08/2024,9,"947,16"
12/08/2024,10,"948,24"
12/08/2024,11,"948,24"
12/08/2024,12,"947,16"
12/08/2024,13,"949,32"
12/08/2024,14,"950,04"
12/08/2024,15,"950,04"
12/08/2024,16,"950,76"
12/08/2024,17,"951,84"
12/08/2024,18,"953,28"
12/08/2024,19,"953,64"
12/08/2024,20,"953,64"
12/08/2024,21,"952,56"
12/08/2024,22,954
12/08/2024,23,"953,64"
12/08/2024,24,954
13/08/2024,1,"952,92"
13/08/2024,2,"953,28"
13/08/2024,3,"952,56"
13/08/2024,4,"952,92"
13/08/2024,5,"952,56"
13/08/2024,6,"951,84"
13/08/2024,7,"952,92"
13/08/2024,8,"952,2"
13/08/2024,9,"952,56"
13/08/2024,10,"952,56"
13/08/2024,11,"952,2"
13/08/2024,12,"952,56"
13/08/2024,13,"951,84"
13/08/2024,14,"951,84"
13/08/2024,15,"951,84"
13/08/2024,16,"951,48"
13/08/2024,17,"951,12"
13/08/2024,18,"952,2"
13/08/2024,19,"953,28"
13/08/2024,20,"951,84"
13/08/2024,21,"951,48"
13/08/2024,22,"953,28"
13/08/2024,23,"952,56"
13/08/2024,24,"952,92"
14/08/2024,1,"952,56"
14/08/2024,2,954
14/08/2024,3,"952,2"
14/08/2024,4,"952,2"
14/08/2024,5,"952,2"
14/08/2024,6,"951,84"
14/08/2024,7,"951,48"
14/08/2024,8,"951,84"
14/08/2024,9,"952,92"
14/08/2024,10,"952,92"
14/08/2024,11,"951,12"
14/08/2024,12,"951,84"
14/08/2024,13,"951,12"
14/08/2024,14,"950,4"
14/08/2024,15,"950,76"
14/08/2024,16,"951,84"
14/08/2024,17,"951,84"
14/08/2024,18,"951,48"
14/08/2024,19,"952,92"
14/08/2024,20,"951,84"
14/08/2024,21,"951,84"
14/08/2024,22,"952,92"
14/08/2024,23,"951,84"
14/08/2024,24,"952,92"
15/08/2024,1,"951,84"
15/08/2024,2,"951,84"
15/08/2024,3,"951,84"
15/08/2024,4,"952,2"
15/08/2024,5,"951,48"
15/08/2024,6,"950,76"
15/08/2024,7,"951,12"
15/08/2024,8,"950,76"
15/08/2024,9,"951,12"
15/08/2024,10,"950,4"
15/08/2024,11,"950,76"
15/08/2024,12,"951,12"
15/08/2024,13,"950,76"
15/08/2024,14,"948,96"
15/08/2024,15,"949,32"
15/08/2024,16,"950,04"
15/08/2024,17,"950,76"
15/08/2024,18,"950,76"
15/08/2024,19,"951,84"
15/08/2024,20,"953,28"
15/08/2024,21,"951,48"
15/08/2024,22,"951,48"
15/08/2024,23,"950,4"
15/08/2024,24,"951,48"
16/08/2024,1,"951,48"
16/08/2024,2,"952,2"
16/08/2024,3,"951,12"
16/08/2024,4,"950,76"
16/08/2024,5,"950,4"
16/08/2024,6,"950,76"
16/08/2024,7,"950,76"
16/08/2024,8,"950,76"
16/08/2024,9,"951,48"
16/08/2024,10,"950,4"
16/08/2024,11,"950,04"
16/08/2024,12,"950,4"
16/08/2024,13,"950,04"
16/08/2024,14,"950,04"
16/08/2024,15,"950,4"
16/08/2024,16,"950,4"
16/08/2024,17,"951,12"
16/08/2024,18,"950,04"
16/08/2024,19,"950,4"
16/08/2024,20,"951,12"
16/08/2024,21,"950,76"
16/08/2024,22,"951,12"
16/08/2024,23,"950,76"
16/08/2024,24,"950,76"
17/08/2024,1,"951,48"
17/08/2024,2,"950,76"
17/08/2024,3,"950,76"
17/08/2024,4,"950,4"
17/08/2024,5,"950,04"
17/08/2024,6,"950,4"
17/08/2024,7,"950,76"
17/08/2024,8,"951,12"
17/08/2024,9,"951,12"
17/08/2024,10,"950,04"
17/08/2024,11,"950,76"
17/08/2024,12,"950,4"
17/08/2024,13,"949,68"
17/08/2024,14,"950,4"
17/08/2024,15,"950,04"
17/08/2024,16,"949,32"
17/08/2024,17,"949,68"
17/08/2024,18,"950,04"
17/08/2024,19,"951,48"
17/08/2024,20,"951,12"
17/08/2024,21,"950,76"
17/08/2024,22,"950,76"
17/08/2024,23,"950,04"
17/08/2024,24,"951,48"
18/08/2024,1,"950,4"
18/08/2024,2,"950,04"
18/08/2024,3,"950,76"
18/08/2024,4,"950,76"
18/08/2024,5,"950,76"
18/08/2024,6,"950,76"
18/08/2024,7,"950,76"
18/08/2024,8,"951,84"
18/08/2024,9,"951,48"
18/08/2024,10,"951,12"
18/08/2024,11,"950,04"
18/08/2024,12,"951,12"
18/08/2024,13,"950,76"
18/08/2024,14,"951,48"
18/08/2024,15,"951,12"
18/08/2024,16,"949,32"
18/08/2024,17,"949,68"
18/08/2024,18,"951,48"
18/08/2024,19,"951,48"
18/08/2024,20,"950,4"
18/08/2024,21,"941,04"
18/08/2024,22,"941,04"
18/08/2024,23,"941,4"
18/08/2024,24,"939,96"
19/08/2024,1,"939,6"
19/08/2024,2,"939,96"
19/08/2024,3,"938,88"
19/08/2024,4,"938,52"
19/08/2024,5,"938,52"
19/08/2024,6,"938,52"
19/08/2024,7,"939,96"
19/08/2024,8,"938,88"
19/08/2024,9,"938,52"
19/08/2024,10,"939,6"
19/08/2024,11,"938,88"
19/08/2024,12,"940,32"
19/08/2024,13,"938,88"
19/08/2024,14,"938,16"
19/08/2024,15,"938,52"
19/08/2024,16,"938,88"
19/08/2024,17,"939,6"
19/08/2024,18,"939,96"
19/08/2024,19,"940,32"
19/08/2024,20,"939,24"
19/08/2024,21,"939,24"
19/08/2024,22,"938,52"
19/08/2024,23,"939,24"
19/08/2024,24,"939,24"
20/08/2024,1,"940,68"
20/08/2024,2,"939,24"
20/08/2024,3,"937,44"
20/08/2024,4,"937,08"
20/08/2024,5,"936,72"
20/08/2024,6,"937,44"
20/08/2024,7,"938,16"
20/08/2024,8,"937,44"
20/08/2024,9,"937,08"
20/08/2024,10,"937,44"
20/08/2024,11,"937,8"
20/08/2024,12,"937,44"
20/08/2024,13,"937,08"
20/08/2024,14,"936,72"
20/08/2024,15,"937,08"
20/08/2024,16,"937,44"
20/08/2024,17,"936,36"
20/08/2024,18,"938,52"
20/08/2024,19,"938,88"
20/08/2024,20,"938,52"
20/08/2024,21,"938,52"
20/08/2024,22,"938,52"
20/08/2024,23,"939,24"
20/08/2024,24,"939,6"
21/08/2024,1,"939,24"
21/08/2024,2,"939,24"
21/08/2024,3,"938,16"
21/08/2024,4,"938,16"
21/08/2024,5,"937,8"
21/08/2024,6,"936,72"
21/08/2024,7,"938,16"
21/08/2024,8,"938,16"
21/08/2024,9,"937,44"
21/08/2024,10,"937,8"
21/08/2024,11,"937,44"
21/08/2024,12,"937,08"
21/08/2024,13,"936,72"
21/08/2024,14,"936,36"
21/08/2024,15,"936,36"
21/08/2024,16,"937,08"
21/08/2024,17,"937,08"
21/08/2024,18,"937,44"
21/08/2024,19,"937,8"
21/08/2024,20,"937,44"
21/08/2024,21,"937,44"
21/08/2024,22,"937,44"
21/08/2024,23,"937,44"
21/08/2024,24,"937,44"
22/08/2024,1,"937,44"
22/08/2024,2,"937,08"
22/08/2024,3,"936,72"
22/08/2024,4,"937,08"
22/08/2024,5,"937,44"
22/08/2024,6,"936,36"
22/08/2024,7,"937,44"
22/08/2024,8,"937,08"
22/08/2024,9,"937,44"
22/08/2024,10,"937,08"
22/08/2024,11,"937,44"
22/08/2024,12,"938,16"
22/08/2024,13,"937,44"
22/08/2024,14,"937,44"
22/08/2024,15,"937,44"
22/08/2024,16,"937,44"
22/08/2024,17,"937,8"
22/08/2024,18,"939,24"
22/08/2024,19,"938,16"
22/08/2024,20,"938,52"
22/08/2024,21,"937,8"
22/08/2024,22,"937,8"
22/08/2024,23,"938,88"
22/08/2024,24,"938,88"
23/08/2024,1,"938,16"
23/08/2024,2,"938,52"
23/08/2024,3,"937,8"
23/08/2024,4,"938,52"
23/08/2024,5,"938,16"
23/08/2024,6,"937,8"
23/08/2024,7,"937,8"
23/08/2024,8,"939,24"
23/08/2024,9,"937,44"
23/08/2024,10,"937,44"
23/08/2024,11,"937,44"
23/08/2024,12,"937,08"
23/08/2024,13,"937,44"
23/08/2024,14,936
23/08/2024,15,"935,28"
23/08/2024,16,"936,36"
23/08/2024,17,"937,08"
23/08/2024,18,"938,16"
23/08/2024,19,"938,52"
23/08/2024,20,"939,24"
23/08/2024,21,"939,24"
23/08/2024,22,"938,52"
23/08/2024,23,"938,16"
23/08/2024,24,"938,16"
24/08/2024,1,"938,88"
24/08/2024,2,"938,16"
24/08/2024,3,"937,8"
24/08/2024,4,"938,16"
24/08/2024,5,"937,08"
24/08/2024,6,"937,08"
24/08/2024,7,"938,52"
24/08/2024,8,"937,44"
24/08/2024,9,"937,44"
24/08/2024,10,"938,16"
24/08/2024,11,"937,44"
24/08/2024,12,"937,44"
24/08/2024,13,"938,16"
24/08/2024,14,"937,44"
24/08/2024,15,"937,44"
24/08/2024,16,"937,44"
24/08/2024,17,"937,8"
24/08/2024,18,"937,8"
24/08/2024,19,"938,16"
24/08/2024,20,"938,16"
24/08/2024,21,"937,8"
24/08/2024,22,"938,16"
24/08/2024,23,"938,52"
24/08/2024,24,"938,16"
25/08/2024,1,"938,52"
25/08/2024,2,"938,16"
25/08/2024,3,"938,16"
25/08/2024,4,"937,8"
25/08/2024,5,"938,16"
25/08/2024,6,"938,88"
25/08/2024,7,"938,52"
25/08/2024,8,"938,16"
25/08/2024,9,"938,16"
25/08/2024,10,"937,44"
25/08/2024,11,"937,44"
25/08/2024,12,"938,16"
25/08/2024,13,"938,88"
25/08/2024,14,"938,16"
25/08/2024,15,"938,16"
25/08/2024,16,"937,44"
25/08/2024,17,"936,72"
25/08/2024,18,"938,16"
25/08/2024,19,"938,52"
25/08/2024,20,"939,24"
25/08/2024,21,"938,16"
25/08/2024,22,"937,8"
25/08/2024,23,"938,88"
25/08/2024,24,"937,44"
26/08/2024,1,"937,44"
26/08/2024,2,"938,16"
26/08/2024,3,"937,08"
26/08/2024,4,"937,8"
26/08/2024,5,"937,08"
26/08/2024,6,"937,8"
26/08/2024,7,"937,8"
26/08/2024,8,"937,8"
26/08/2024,9,"938,52"
26/08/2024,10,"938,16"
26/08/2024,11,"937,08"
26/08/2024,12,"938,88"
26/08/2024,13,"937,8"
26/08/2024,14,"937,08"
26/08/2024,15,"936,72"
26/08/2024,16,"937,08"
26/08/2024,17,"937,8"
26/08/2024,18,"938,52"
26/08/2024,19,"937,8"
26/08/2024,20,"938,52"
26/08/2024,21,"938,88"
26/08/2024,22,"940,32"
26/08/2024,23,"939,24"
26/08/2024,24,"937,8"
27/08/2024,1,"938,16"
27/08/2024,2,"938,88"
27/08/2024,3,"938,52"
27/08/2024,4,"937,8"
27/08/2024,5,"937,8"
27/08/2024,6,"937,8"
27/08/2024,7,"938,52"
27/08/2024,8,"938,16"
27/08/2024,9,"938,16"
27/08/2024,10,"938,16"
27/08/2024,11,"937,8"
27/08/2024,12,"937,8"
27/08/2024,13,"937,44"
27/08/2024,14,"936,72"
27/08/2024,15,"936,36"
27/08/2024,16,936
27/08/2024,17,"936,72"
27/08/2024,18,"938,88"
27/08/2024,19,"937,8"
27/08/2024,20,"937,8"
27/08/2024,21,"937,44"
27/08/2024,22,"939,24"
27/08/2024,23,"937,8"
27/08/2024,24,"938,52"
28/08/2024,1,"938,52"
28/08/2024,2,"937,8"
28/08/2024,3,"937,44"
28/08/2024,4,"937,08"
28/08/2024,5,"937,08"
28/08/2024,6,"936,72"
28/08/2024,7,"937,44"
28/08/2024,8,"936,72"
28/08/2024,9,"937,8"
28/08/2024,10,"937,8"
28/08/2024,11,"937,08"
28/08/2024,12,"937,44"
28/08/2024,13,"938,88"
28/08/2024,14,936
28/08/2024,15,936
28/08/2024,16,"935,64"
28/08/2024,17,936
28/08/2024,18,"937,08"
28/08/2024,19,"936,36"
28/08/2024,20,"937,44"
28/08/2024,21,"939,6"
28/08/2024,22,"941,04"
28/08/2024,23,"940,68"
28/08/2024,24,"940,32"
29/08/2024,1,"939,96"
29/08/2024,2,"940,32"
29/08/2024,3,"940,32"
29/08/2024,4,"939,96"
29/08/2024,5,"939,96"
29/08/2024,6,"939,96"
29/08/2024,7,"939,96"
29/08/2024,8,"939,96"
29/08/2024,9,"939,96"
29/08/2024,10,"939,96"
29/08/2024,11,"939,96"
29/08/2024,12,"941,04"
29/08/2024,13,"939,96"
29/08/2024,14,"939,96"
29/08/2024,15,"940,68"
29/08/2024,16,"938,88"
29/08/2024,17,"938,88"
29/08/2024,18,"940,32"
29/08/2024,19,"940,32"
29/08/2024,20,"940,68"
29/08/2024,21,"939,6"
29/08/2024,22,"939,24"
29/08/2024,23,"939,96"
29/08/2024,24,"940,68"
30/08/2024,1,"941,04"
30/08/2024,2,"941,04"
30/08/2024,3,"939,96"
30/08/2024,4,"939,6"
30/08/2024,5,"938,52"
30/08/2024,6,"939,96"
30/08/2024,7,"941,04"
30/08/2024,8,"940,32"
30/08/2024,9,"940,32"
30/08/2024,10,"941,4"
30/08/2024,11,"941,4"
30/08/2024,12,"942,48"
30/08/2024,13,"942,12"
30/08/2024,14,"941,04"
30/08/2024,15,"941,04"
30/08/2024,16,"941,76"
30/08/2024,17,"940,68"
30/08/2024,18,"941,76"
30/08/2024,19,"942,48"
30/08/2024,20,"942,12"
30/08/2024,21,"941,76"
30/08/2024,22,"942,12"
30/08/2024,23,"941,4"
30/08/2024,24,"942,12"
31/08/2024,1,"942,48"
31/08/2024,2,"942,12"
31/08/2024,3,"941,76"
31/08/2024,4,"941,76"
31/08/2024,5,"941,4"
31/08/2024,6,"941,76"
31/08/2024,7,"942,84"
31/08/2024,8,"942,84"
31/08/2024,9,"942,12"
31/08/2024,10,"942,12"
31/08/2024,11,"942,48"
31/08/2024,12,"942,48"
31/08/2024,13,"941,4"
31/08/2024,14,"940,68"
31/08/2024,15,"939,96"
31/08/2024,16,"939,96"
31/08/2024,17,"939,96"
31/08/2024,18,"941,04"
31/08/2024,19,"941,4"
31/08/2024,20,"942,12"
31/08/2024,21,"940,68"
31/08/2024,22,"941,4"
31/08/2024,23,"941,04"
31/08/2024,24,"941,76"
01/09/2024,1,"941,76"
01/09/2024,2,"941,76"
01/09/2024,3,"941,4"
01/09/2024,4,"941,76"
01/09/2024,5,"941,4"
01/09/2024,6,"941,4"
01/09/2024,7,"941,76"
01/09/2024,8,"942,48"
01/09/2024,9,"942,12"
01/09/2024,10,"943,2"
01/09/2024,11,"940,68"
01/09/2024,12,"941,4"
01/09/2024,13,"942,12"
01/09/2024,14,"940,68"
01/09/2024,15,"940,32"
01/09/2024,16,"939,96"
01/09/2024,17,"939,96"
01/09/2024,18,"940,68"
01/09/2024,19,"940,32"
01/09/2024,20,"941,4"
01/09/2024,21,"940,68"
01/09/2024,22,"941,4"
01/09/2024,23,"941,4"
01/09/2024,24,"941,04"
02/09/2024,1,"942,12"
02/09/2024,2,"942,12"
02/09/2024,3,"941,76"
02/09/2024,4,"941,76"
02/09/2024,5,"941,04"
02/09/2024,6,"941,04"
02/09/2024,7,"941,04"
02/09/2024,8,"941,4"
02/09/2024,9,"941,76"
02/09/2024,10,"941,4"
02/09/2024,11,"941,76"
02/09/2024,12,"941,4"
02/09/2024,13,"941,4"
02/09/2024,14,"940,68"
02/09/2024,15,"940,68"
02/09/2024,16,"940,32"
02/09/2024,17,"940,32"
02/09/2024,18,"941,04"
02/09/2024,19,"941,76"
02/09/2024,20,"941,04"
02/09/2024,21,"940,32"
02/09/2024,22,"941,04"
02/09/2024,23,"941,04"
02/09/2024,24,"941,4"
03/09/2024,1,"941,04"
03/09/2024,2,"941,4"
03/09/2024,3,"940,68"
03/09/2024,4,"948,6"
03/09/2024,5,"454,68"
03/09/2024,6,"235,8"
03/09/2024,7,"336,96"
03/09/2024,8,"336,96"
03/09/2024,9,"336,24"
03/09/2024,10,"336,24"
03/09/2024,11,"583,56"
03/09/2024,12,"834,12"
03/09/2024,13,"879,48"
03/09/2024,14,"879,12"
03/09/2024,15,"882,72"
03/09/2024,16,"882,72"
03/09/2024,17,882
03/09/2024,18,"883,44"
03/09/2024,19,"884,16"
03/09/2024,20,"884,16"
03/09/2024,21,"881,64"
03/09/2024,22,"883,44"
03/09/2024,23,"883,8"
03/09/2024,24,"883,8"
04/09/2024,1,"884,16"
04/09/2024,2,"883,08"
04/09/2024,3,"883,44"
04/09/2024,4,"883,08"
04/09/2024,5,"883,08"
04/09/2024,6,"882,72"
04/09/2024,7,"883,08"
04/09/2024,8,"883,08"
04/09/2024,9,"882,36"
04/09/2024,10,882
04/09/2024,11,"881,64"
04/09/2024,12,"882,36"
04/09/2024,13,"881,64"
04/09/2024,14,"881,28"
04/09/2024,15,"880,92"
04/09/2024,16,"881,28"
04/09/2024,17,882
04/09/2024,18,"883,44"
04/09/2024,19,"883,8"
04/09/2024,20,"883,08"
04/09/2024,21,882
04/09/2024,22,"881,64"
04/09/2024,23,"881,28"
04/09/2024,24,"881,64"
05/09/2024,1,882
05/09/2024,2,"880,2"
05/09/2024,3,"879,84"
05/09/2024,4,"879,84"
05/09/2024,5,"879,84"
05/09/2024,6,"879,12"
05/09/2024,7,"879,12"
05/09/2024,8,"879,12"
05/09/2024,9,"879,12"
05/09/2024,10,"878,76"
05/09/2024,11,"878,76"
05/09/2024,12,"879,12"
05/09/2024,13,"878,76"
05/09/2024,14,"879,12"
05/09/2024,15,"878,4"
05/09/2024,16,"879,12"
05/09/2024,17,"878,4"
05/09/2024,18,"879,48"
05/09/2024,19,"879,12"
05/09/2024,20,"879,84"
05/09/2024,21,"878,4"
05/09/2024,22,"878,76"
05/09/2024,23,"878,4"
05/09/2024,24,"878,76"
06/09/2024,1,"878,76"
06/09/2024,2,"878,76"
06/09/2024,3,"878,76"
06/09/2024,4,"878,76"
06/09/2024,5,"878,04"
06/09/2024,6,"919,8"
06/09/2024,7,"923,4"
06/09/2024,8,"923,4"
06/09/2024,9,"923,76"
06/09/2024,10,"923,76"
06/09/2024,11,"924,12"
06/09/2024,12,"924,12"
06/09/2024,13,"925,2"
06/09/2024,14,"923,4"
06/09/2024,15,"922,68"
06/09/2024,16,"922,68"
06/09/2024,17,"922,68"
06/09/2024,18,"923,4"
06/09/2024,19,"924,84"
06/09/2024,20,"924,12"
06/09/2024,21,"923,4"
06/09/2024,22,"922,68"
06/09/2024,23,"923,76"
06/09/2024,24,"923,76"
07/09/2024,1,"923,76"
07/09/2024,2,"924,12"
07/09/2024,3,"923,76"
07/09/2024,4,"923,04"
07/09/2024,5,"923,04"
07/09/2024,6,"923,04"
07/09/2024,7,"923,76"
07/09/2024,8,"924,48"
07/09/2024,9,"924,48"
07/09/2024,10,"924,48"
07/09/2024,11,"921,96"
07/09/2024,12,"922,32"
07/09/2024,13,"922,32"
07/09/2024,14,"923,4"
07/09/2024,15,"920,88"
07/09/2024,16,"921,6"
07/09/2024,17,"922,32"
07/09/2024,18,"923,4"
07/09/2024,19,"923,76"
07/09/2024,20,"924,12"
07/09/2024,21,"924,12"
07/09/2024,22,"923,76"
07/09/2024,23,"923,4"
07/09/2024,24,"923,76"
08/09/2024,1,"923,4"
08/09/2024,2,"923,76"
08/09/2024,3,"923,76"
08/09/2024,4,"923,4"
08/09/2024,5,"923,4"
08/09/2024,6,"923,76"
08/09/2024,7,"924,48"
08/09/2024,8,"924,48"
08/09/2024,9,"923,4"
08/09/2024,10,"923,76"
08/09/2024,11,"923,04"
08/09/2024,12,"922,68"
08/09/2024,13,"922,68"
08/09/2024,14,"922,68"
08/09/2024,15,"921,24"
08/09/2024,16,"922,32"
08/09/2024,17,"922,32"
08/09/2024,18,"923,4"
08/09/2024,19,"923,76"
08/09/2024,20,"923,4"
08/09/2024,21,"923,4"
08/09/2024,22,"923,4"
08/09/2024,23,"923,76"
08/09/2024,24,"924,84"
09/09/2024,1,"924,12"
09/09/2024,2,"923,76"
09/09/2024,3,"923,4"
09/09/2024,4,"922,68"
09/09/2024,5,"922,68"
09/09/2024,6,"923,4"
09/09/2024,7,"923,04"
09/09/2024,8,"923,4"
09/09/2024,9,"922,68"
09/09/2024,10,"921,96"
09/09/2024,11,"921,96"
09/09/2024,12,"922,68"
09/09/2024,13,"922,68"
09/09/2024,14,"921,96"
09/09/2024,15,"921,96"
09/09/2024,16,"921,24"
09/09/2024,17,"921,24"
09/09/2024,18,"923,4"
09/09/2024,19,"923,4"
09/09/2024,20,"923,04"
09/09/2024,21,"922,32"
09/09/2024,22,"922,68"
09/09/2024,23,"923,04"
09/09/2024,24,"923,4"
10/09/2024,1,"922,68"
10/09/2024,2,"923,04"
10/09/2024,3,"922,32"
10/09/2024,4,"922,32"
10/09/2024,5,"922,32"
10/09/2024,6,"922,32"
10/09/2024,7,"923,04"
10/09/2024,8,"923,04"
10/09/2024,9,"922,32"
10/09/2024,10,"922,68"
10/09/2024,11,"921,96"
10/09/2024,12,"922,32"
10/09/2024,13,"923,4"
10/09/2024,14,"921,96"
10/09/2024,15,"921,96"
10/09/2024,16,"921,6"
10/09/2024,17,"921,96"
10/09/2024,18,"921,96"
10/09/2024,19,"922,32"
10/09/2024,20,"921,96"
10/09/2024,21,"921,24"
10/09/2024,22,"921,96"
10/09/2024,23,"922,68"
10/09/2024,24,"922,32"
11/09/2024,1,"922,32"
11/09/2024,2,"922,68"
11/09/2024,3,"922,68"
11/09/2024,4,"922,32"
11/09/2024,5,"922,68"
11/09/2024,6,"921,96"
11/09/2024,7,"922,32"
11/09/2024,8,"922,68"
11/09/2024,9,"921,6"
11/09/2024,10,"922,32"
11/09/2024,11,"921,96"
11/09/2024,12,"922,32"
11/09/2024,13,"921,96"
11/09/2024,14,"921,6"
11/09/2024,15,"921,96"
11/09/2024,16,"682,92"
11/09/2024,17,"295,56"
11/09/2024,18,"919,8"
11/09/2024,19,"923,04"
11/09/2024,20,"924,12"
11/09/2024,21,"923,76"
11/09/2024,22,"925,2"
11/09/2024,23,"925,56"
11/09/2024,24,"926,28"
12/09/2024,1,"926,28"
12/09/2024,2,"925,56"
12/09/2024,3,"926,28"
12/09/2024,4,"926,28"
12/09/2024,5,"926,28"
12/09/2024,6,"923,76"
12/09/2024,7,"923,76"
12/09/2024,8,"923,4"
12/09/2024,9,"923,76"
12/09/2024,10,"922,68"
12/09/2024,11,"921,6"
12/09/2024,12,"923,4"
12/09/2024,13,"923,4"
12/09/2024,14,"921,24"
12/09/2024,15,"921,6"
12/09/2024,16,"921,96"
12/09/2024,17,"921,6"
12/09/2024,18,"923,76"
12/09/2024,19,"924,12"
12/09/2024,20,"924,12"
12/09/2024,21,"923,04"
12/09/2024,22,"923,04"
12/09/2024,23,"923,76"
12/09/2024,24,"923,4"
13/09/2024,1,"924,12"
13/09/2024,2,"923,4"
13/09/2024,3,"923,04"
13/09/2024,4,"780,48"
13/09/2024,5,"2,88"
13/09/2024,6,"3,24"
13/09/2024,7,"2,52"
13/09/2024,8,"724,68"
13/09/2024,9,"921,6"
13/09/2024,10,"914,04"
13/09/2024,11,"907,92"
13/09/2024,12,"911,52"
13/09/2024,13,"911,88"
13/09/2024,14,"911,52"
13/09/2024,15,"911,52"
13/09/2024,16,"912,6"
13/09/2024,17,"912,24"
13/09/2024,18,"913,32"
13/09/2024,19,"912,96"
13/09/2024,20,"913,68"
13/09/2024,21,"913,68"
13/09/2024,22,"912,96"
13/09/2024,23,"912,96"
13/09/2024,24,"913,68"
14/09/2024,1,"913,32"
14/09/2024,2,"913,68"
14/09/2024,3,"913,32"
14/09/2024,4,"912,96"
14/09/2024,5,"913,32"
14/09/2024,6,"912,96"
14/09/2024,7,"913,32"
14/09/2024,8,"913,32"
14/09/2024,9,"912,96"
14/09/2024,10,"912,96"
14/09/2024,11,"912,96"
14/09/2024,12,"913,68"
14/09/2024,13,"913,32"
14/09/2024,14,"912,96"
14/09/2024,15,"912,6"
14/09/2024,16,"912,96"
14/09/2024,17,"912,6"
14/09/2024,18,"912,96"
14/09/2024,19,"914,04"
14/09/2024,20,"913,32"
14/09/2024,21,"912,96"
14/09/2024,22,"912,96"
14/09/2024,23,"913,68"
14/09/2024,24,"913,68"
15/09/2024,1,"913,32"
15/09/2024,2,"913,68"
15/09/2024,3,"914,4"
15/09/2024,4,"913,32"
15/09/2024,5,"912,6"
15/09/2024,6,"913,32"
15/09/2024,7,"913,68"
15/09/2024,8,"914,4"
15/09/2024,9,"913,68"
15/09/2024,10,"913,68"
15/09/2024,11,"913,68"
15/09/2024,12,"912,96"
15/09/2024,13,"912,96"
15/09/2024,14,"912,6"
15/09/2024,15,"912,6"
15/09/2024,16,"912,96"
15/09/2024,17,"912,24"
15/09/2024,18,"912,6"
15/09/2024,19,"914,04"
15/09/2024,20,"914,4"
15/09/2024,21,"913,68"
15/09/2024,22,"913,68"
15/09/2024,23,"914,4"
15/09/2024,24,"914,4"
16/09/2024,1,"913,68"
16/09/2024,2,"913,32"
16/09/2024,3,"913,68"
16/09/2024,4,"913,32"
16/09/2024,5,"912,96"
16/09/2024,6,"912,96"
16/09/2024,7,"912,96"
16/09/2024,8,"913,32"
16/09/2024,9,"913,68"
16/09/2024,10,"913,32"
16/09/2024,11,"912,96"
16/09/2024,12,"913,68"
16/09/2024,13,"912,96"
16/09/2024,14,"912,24"
16/09/2024,15,"912,24"
16/09/2024,16,"912,6"
16/09/2024,17,"911,88"
16/09/2024,18,"912,24"
16/09/2024,19,"912,6"
16/09/2024,20,"913,32"
16/09/2024,21,"912,96"
16/09/2024,22,"913,32"
16/09/2024,23,"912,96"
16/09/2024,24,"913,32"
17/09/2024,1,"913,32"
17/09/2024,2,"913,68"
17/09/2024,3,"913,32"
17/09/2024,4,"914,4"
17/09/2024,5,"912,6"
17/09/2024,6,"912,24"
17/09/2024,7,"912,6"
17/09/2024,8,"912,96"
17/09/2024,9,"913,32"
17/09/2024,10,"914,04"
17/09/2024,11,"912,6"
17/09/2024,12,"913,68"
17/09/2024,13,"913,32"
17/09/2024,14,"913,32"
17/09/2024,15,"912,6"
17/09/2024,16,"912,24"
17/09/2024,17,"912,96"
17/09/2024,18,"913,32"
17/09/2024,19,"912,96"
17/09/2024,20,"913,32"
17/09/2024,21,"913,32"
17/09/2024,22,"913,68"
17/09/2024,23,"914,04"
17/09/2024,24,"914,4"
18/09/2024,1,"913,68"
18/09/2024,2,"913,68"
18/09/2024,3,"913,68"
18/09/2024,4,"913,32"
18/09/2024,5,"912,6"
18/09/2024,6,"912,24"
18/09/2024,7,"912,96"
18/09/2024,8,"912,24"
18/09/2024,9,"913,68"
18/09/2024,10,"914,04"
18/09/2024,11,"912,24"
18/09/2024,12,"912,96"
18/09/2024,13,"911,88"
18/09/2024,14,"911,16"
18/09/2024,15,"912,24"
18/09/2024,16,"912,24"
18/09/2024,17,"911,52"
18/09/2024,18,"913,32"
18/09/2024,19,"913,68"
18/09/2024,20,"914,04"
18/09/2024,21,"913,32"
18/09/2024,22,"913,68"
18/09/2024,23,"913,32"
18/09/2024,24,"913,68"
19/09/2024,1,"914,04"
19/09/2024,2,"913,32"
19/09/2024,3,"912,96"
19/09/2024,4,"912,96"
19/09/2024,5,"912,6"
19/09/2024,6,"912,24"
19/09/2024,7,"912,24"
19/09/2024,8,"912,24"
19/09/2024,9,"911,88"
19/09/2024,10,"912,6"
19/09/2024,11,"911,52"
19/09/2024,12,"911,88"
19/09/2024,13,"912,6"
19/09/2024,14,"911,88"
19/09/2024,15,"911,88"
19/09/2024,16,"912,6"
19/09/2024,17,"909,72"
19/09/2024,18,"911,16"
19/09/2024,19,"911,16"
19/09/2024,20,"910,8"
19/09/2024,21,"910,08"
19/09/2024,22,"910,8"
19/09/2024,23,"911,16"
19/09/2024,24,"911,16"