validation,mae,mse,rmse,mape,accuracy 2%,accuracy 5%,accuracy 10%,Erro percentual acumulado 30 dias,Erro percentual acumulado 60 dias,Erro percentual acumulado 90 dias,Erro percentual acumulado 1º mês,Erro percentual acumulado 2º mês,Erro percentual acumulado 3º mês
LSTM_alt,4493.018,37906260.299,6156.806,0.07,10.0,50.0,73.33,0.32,2.03,2.03,0.32,4.38,2.01
MLP_seq,5109.14,38258229.788,6185.324,0.08,6.67,13.33,73.33,1.94,4.45,4.04,1.94,6.96,3.23
MLP_seq,4493.867,42869865.285,6547.508,0.07,13.33,43.33,90.0,0.02,1.45,0.83,0.02,2.84,0.39
LSTM_alt,4205.827,30911334.562,5559.796,0.07,13.33,43.33,86.67,1.69,3.14,2.31,1.69,4.56,0.69
MLP_seq,5532.539,41959524.833,6477.617,0.09,6.67,10.0,76.67,2.77,5.27,4.99,2.77,7.77,4.42
MLP_seq,3537.597,31624672.788,5623.582,0.06,30.0,70.0,83.33,3.72,2.01,1.46,3.72,0.32,0.32
LSTM_alt,4100.456,40511112.485,6364.834,0.06,33.33,46.67,83.33,1.19,0.34,0.03,1.19,0.48,0.78
MLP_seq,10476.911,268703756.938,16392.186,0.16,6.67,16.67,43.33,10.9,14.88,15.49,10.9,18.81,16.73
MLP_seq,9531.895,258493129.083,16077.722,0.15,6.67,30.0,50.0,8.31,13.19,13.97,8.31,17.91,15.57
MLP_seq,8133.669,211005654.281,14526.034,0.13,23.33,46.67,70.0,5.99,9.96,11.9,5.99,13.9,15.7
MLP_seq,7801.189,199041952.955,14108.223,0.13,10.0,36.67,76.67,3.69,6.62,8.97,3.69,9.6,13.53
MLP_seq,7771.974,198218183.265,14078.998,0.13,16.67,40.0,63.33,3.54,6.58,9.44,3.54,9.65,14.89
MLP_seq,7121.971,202874396.55,14243.398,0.12,23.33,60.0,73.33,4.9,8.15,9.88,4.9,11.42,13.3
MLP_seq,7675.035,215227764.237,14670.643,0.12,23.33,46.67,70.0,4.34,8.76,10.94,4.34,13.1,15.19
MLP_seq,6719.123,181170851.138,13459.972,0.11,30.0,53.33,76.67,1.68,5.71,7.74,1.68,9.71,11.71
MLP_seq,7305.789,213028583.004,14595.499,0.12,30.0,56.67,73.33,3.95,8.62,10.72,3.95,13.19,14.81
MLP_seq,7354.439,202637107.878,14235.066,0.12,16.67,50.0,70.0,3.33,7.05,9.29,3.33,10.76,13.64
MLP_seq,6849.367,186219025.403,13646.209,0.12,26.67,53.33,70.0,3.02,5.48,7.56,3.02,8.0,11.65
MLP_seq,6984.882,185225909.347,13609.773,0.12,20.0,53.33,76.67,2.99,6.21,8.22,2.99,9.45,12.17
MLP_seq,6932.087,170199681.725,13046.06,0.12,20.0,36.67,66.67,1.78,5.12,7.73,1.78,8.49,12.75
MLP_seq,7198.577,199435888.851,14122.177,0.12,20.0,53.33,73.33,4.4,7.98,9.62,4.4,11.57,12.87
MLP_seq,7040.507,191870077.215,13851.717,0.12,23.33,50.0,70.0,3.75,6.39,8.18,3.75,9.07,11.73
MLP_seq,7430.169,205671911.846,14341.266,0.12,16.67,50.0,73.33,5.26,8.48,10.07,5.26,11.73,13.22
MLP_seq,6609.279,186689244.095,13663.427,0.11,30.0,56.67,80.0,2.42,6.06,8.0,2.42,9.71,11.82
MLP_seq,7592.212,201493406.709,14194.837,0.12,23.33,50.0,66.67,5.0,8.85,11.05,5.0,12.68,15.33
MLP_seq,7785.877,205139659.587,14322.697,0.13,20.0,40.0,73.33,3.42,7.17,9.68,3.42,10.91,14.53
MLP_seq,7103.72,191438675.143,13836.137,0.12,26.67,53.33,70.0,3.25,6.17,8.56,3.25,9.15,13.18
MLP_seq,7015.479,198468171.136,14087.873,0.12,23.33,56.67,73.33,3.79,7.33,8.93,3.79,10.87,12.12
MLP_seq,7121.074,189733544.537,13774.38,0.12,23.33,40.0,66.67,0.37,4.38,6.94,0.37,9.03,11.87
MLP_seq,6741.518,181510830.082,13472.596,0.12,23.33,46.67,76.67,1.31,4.77,6.17,1.31,8.25,8.96
MLP_seq,7385.317,204049489.463,14284.589,0.12,10.0,53.33,70.0,3.24,7.19,9.63,3.24,11.12,14.33
MLP_seq,6728.035,187306648.915,13686.002,0.11,20.0,56.67,70.0,1.95,5.62,7.51,1.95,9.3,11.22
MLP_seq,7068.01,195624006.511,13986.565,0.12,20.0,60.0,73.33,4.05,6.98,8.79,4.05,9.96,12.34
MLP_seq,7233.042,200326315.707,14153.668,0.12,20.0,56.67,73.33,4.57,8.23,9.86,4.57,11.89,13.09
MLP_seq,7343.688,182535109.457,13510.555,0.13,16.67,40.0,70.0,0.83,5.18,7.78,0.83,9.47,12.78
MLP_seq,7090.212,197067144.586,14038.061,0.12,13.33,56.67,76.67,2.54,6.46,8.41,2.54,10.35,12.24
MLP_seq,7111.817,196074882.954,14002.674,0.12,20.0,53.33,73.33,3.32,7.23,8.84,3.32,11.12,12.04
MLP_seq,6899.005,193543743.046,13912.0,0.11,23.33,53.33,76.67,2.94,6.98,8.68,2.94,10.99,12.03
MLP_seq,6855.653,196963909.168,14034.383,0.11,26.67,56.67,76.67,3.56,7.3,8.88,3.56,11.02,12.03
MLP_seq,7708.431,210853569.349,14520.798,0.13,20.0,46.67,73.33,4.28,8.79,10.84,4.28,13.21,14.84
MLP_seq,7185.459,193079763.061,13895.314,0.12,20.0,46.67,73.33,3.53,6.6,8.92,3.53,9.71,13.43
MLP_seq,7249.665,192975228.88,13891.552,0.12,23.33,43.33,70.0,2.61,6.27,8.37,2.61,9.94,12.47
MLP_seq,7306.451,203762130.094,14274.527,0.12,16.67,56.67,73.33,3.63,7.63,9.29,3.63,11.6,12.56
MLP_seq,7676.98,211888740.662,14556.399,0.12,13.33,43.33,70.0,5.01,9.32,11.14,5.01,13.56,14.72
MLP_seq,7251.2,201501354.109,14195.117,0.12,20.0,50.0,73.33,4.76,8.39,10.22,4.76,12.01,13.82
MLP_seq,7030.555,203137572.263,14252.634,0.12,23.33,50.0,73.33,3.15,6.9,9.44,3.15,10.64,14.34
MLP_seq,7148.174,203430960.161,14262.923,0.12,30.0,43.33,70.0,3.5,7.36,8.97,3.5,11.19,12.16
MLP_seq,7596.589,213694918.014,14618.308,0.12,16.67,50.0,73.33,5.84,9.18,10.97,5.84,12.54,14.49
MLP_seq,7497.329,207415688.496,14401.933,0.12,16.67,56.67,70.0,5.51,9.05,10.73,5.51,12.58,14.06
MLP_seq,7111.426,180147519.271,13421.904,0.12,23.33,43.33,70.0,0.13,4.26,6.63,0.13,8.59,11.25
MLP_seq,7029.172,190821585.183,13813.819,0.12,13.33,46.67,76.67,3.03,7.17,8.69,3.03,11.27,11.71
MLP_seq,7315.592,200569754.555,14162.265,0.12,16.67,53.33,73.33,4.32,8.36,9.92,4.32,12.36,13.02
MLP_seq,7172.862,204294279.715,14293.155,0.12,20.0,56.67,73.33,3.79,7.34,8.99,3.79,10.89,12.25
MLP_seq,7064.161,198254837.288,14080.3,0.12,23.33,63.33,73.33,4.1,8.05,9.72,4.1,11.98,13.02
MLP_seq,7379.06,199509898.522,14124.797,0.12,23.33,43.33,70.0,4.96,8.96,10.92,4.96,12.91,14.77
MLP_seq,7471.175,198127820.481,14075.788,0.12,20.0,46.67,70.0,3.36,7.41,9.32,3.36,11.42,13.09
MLP_seq,7210.459,196151592.286,14005.413,0.12,20.0,50.0,70.0,2.78,6.08,8.19,2.78,9.4,12.33
MLP_seq,7199.629,201978828.807,14211.926,0.12,20.0,53.33,73.33,4.85,8.35,9.87,4.85,11.84,12.9
MLP_seq,7443.272,199672944.402,14130.568,0.12,10.0,50.0,66.67,2.18,5.8,8.31,2.18,9.43,13.15
MLP_seq,7002.131,197463576.052,14052.173,0.12,23.33,60.0,73.33,4.29,7.83,9.59,4.29,11.37,13.06
MLP_seq,7165.302,211516978.681,14543.623,0.12,30.0,56.67,66.67,4.64,8.49,10.54,4.64,12.31,14.57
MLP_seq,7649.192,213264814.43,14603.589,0.12,13.33,46.67,70.0,5.15,8.89,10.66,5.15,12.61,14.15
MLP_seq,7461.027,211227822.344,14533.679,0.12,23.33,40.0,73.33,5.96,9.08,10.67,5.96,12.23,13.83
MLP_seq,7539.559,204893219.873,14314.092,0.12,16.67,50.0,70.0,5.36,9.35,10.82,5.36,13.3,13.74
MLP_seq,7926.851,238551636.002,15445.117,0.12,33.33,53.33,70.0,5.12,9.83,11.94,5.12,14.43,16.06
MLP_seq,7490.856,211637079.478,14547.752,0.12,16.67,43.33,73.33,5.15,8.75,10.28,5.15,12.35,13.32
MLP_seq,7250.606,206112797.304,14356.629,0.12,20.0,53.33,70.0,3.89,7.47,9.15,3.89,11.06,12.48
MLP_seq,7198.27,192943429.942,13890.408,0.12,23.33,36.67,70.0,0.02,4.28,6.14,0.02,8.51,9.81
MLP_seq,6626.166,190130286.502,13788.774,0.11,36.67,56.67,76.67,2.57,6.33,8.06,2.57,10.07,11.49
MLP_seq,7913.527,217716070.444,14755.205,0.13,23.33,46.67,70.0,5.24,9.43,11.48,5.24,13.56,15.48
MLP_seq,7293.142,194067068.723,13930.796,0.12,20.0,46.67,70.0,2.34,6.01,8.25,2.34,9.69,12.59
MLP_seq,7102.023,194410653.367,13943.122,0.12,20.0,56.67,70.0,2.15,5.9,8.25,2.15,9.65,12.8
MLP_seq,7082.825,203112464.903,14251.753,0.12,13.33,53.33,73.33,3.97,7.6,8.96,3.97,11.24,11.67
MLP_seq,7756.844,208809139.895,14450.23,0.13,20.0,50.0,66.67,2.75,6.54,9.17,2.75,10.31,14.22
MLP_seq,7315.416,206731200.889,14378.15,0.12,20.0,53.33,73.33,4.72,8.34,10.26,4.72,11.96,14.04
MLP_seq,7190.594,207576054.096,14407.5,0.12,23.33,50.0,73.33,3.16,7.42,9.74,3.16,11.63,14.23
MLP_seq,7189.373,204329750.482,14294.396,0.12,26.67,53.33,76.67,4.07,7.98,9.56,4.07,11.86,12.72
MLP_seq,7694.759,216899079.778,14727.494,0.12,23.33,43.33,73.33,6.13,9.46,11.1,6.13,12.8,14.36
MLP_seq,7369.429,206391611.321,14366.336,0.12,16.67,53.33,76.67,5.12,8.78,10.44,5.12,12.44,13.73
MLP_seq,7131.313,184509640.054,13583.433,0.12,13.33,50.0,66.67,0.65,4.56,6.78,0.65,8.46,11.11
MLP_seq,6785.522,186015121.995,13638.736,0.11,33.33,46.67,76.67,2.59,6.36,8.01,2.59,10.13,11.28
MLP_seq,6978.99,197797672.209,14064.056,0.12,20.0,56.67,76.67,3.28,7.31,8.95,3.28,11.31,12.19
MLP_seq,7117.147,200259599.674,14151.311,0.12,20.0,53.33,73.33,4.42,8.25,9.83,4.42,12.07,12.97
MLP_seq,6733.804,194488937.607,13945.929,0.11,33.33,56.67,76.67,3.14,7.07,8.88,3.14,10.98,12.44
MLP_seq,7650.541,211235438.248,14533.941,0.12,23.33,50.0,70.0,5.98,10.14,11.83,5.98,14.24,15.17
MLP_seq,7437.696,205890108.074,14348.871,0.12,20.0,50.0,76.67,4.91,8.37,10.25,4.91,11.84,13.93
MLP_seq,7172.273,193025638.117,13893.367,0.12,23.33,43.33,73.33,2.45,6.11,8.54,2.45,9.76,13.25
MLP_seq,7415.536,210963885.968,14524.596,0.12,20.0,46.67,73.33,5.24,9.05,10.43,5.24,12.83,13.21
MLP_seq,7673.116,214584165.504,14648.692,0.12,16.67,43.33,70.0,5.0,9.24,11.24,5.0,13.41,15.17
MLP_seq,6954.822,197818169.637,14064.785,0.12,23.33,56.67,76.67,3.81,7.51,9.11,3.81,11.2,12.27
MLP_seq,6973.052,204128623.141,14287.359,0.11,26.67,56.67,76.67,3.54,7.77,9.68,3.54,11.94,13.44
MLP_seq,7653.601,220813362.368,14859.79,0.12,16.67,43.33,70.0,5.22,9.02,10.56,5.22,12.8,13.61
MLP_seq,7592.939,214081533.799,14631.525,0.12,23.33,40.0,73.33,5.72,9.26,10.82,5.72,12.8,13.92
MLP_seq,7529.232,209451109.996,14472.426,0.12,16.67,56.67,73.33,5.34,9.17,10.86,5.34,12.97,14.21
MLP_seq,7014.108,185832233.957,13632.03,0.12,33.33,36.67,70.0,2.12,6.32,8.7,2.12,10.48,13.3
MLP_seq,7125.669,195167123.389,13970.223,0.12,23.33,50.0,73.33,2.43,6.2,7.95,2.43,9.96,11.4
MLP_seq,7009.627,194996752.807,13964.124,0.12,16.67,50.0,73.33,3.13,7.02,8.57,3.13,10.89,11.67
MLP_seq,6787.732,192825478.724,13886.161,0.11,30.0,50.0,76.67,2.71,6.67,8.33,2.71,10.61,11.61
MLP_seq,6810.908,188401972.493,13725.96,0.11,23.33,56.67,76.67,2.06,5.81,7.65,2.06,9.55,11.28
MLP_seq,7489.271,190883815.012,13816.071,0.13,16.67,33.33,63.33,0.08,3.28,5.61,0.08,6.51,10.16
MLP_seq,7605.201,203147907.382,14252.996,0.13,16.67,46.67,66.67,3.8,7.7,9.53,3.8,11.57,13.14
MLP_seq,7479.046,199303168.996,14117.477,0.12,20.0,40.0,66.67,2.08,6.03,8.4,2.08,9.95,12.99
MLP_seq,7426.302,211242881.261,14534.197,0.12,23.33,53.33,73.33,4.51,8.27,9.85,4.51,12.01,13.0
MLP_seq,7306.786,189166673.683,13753.788,0.12,13.33,43.33,66.67,0.17,3.97,6.48,0.17,8.09,11.34
MLP_seq,7204.502,207071622.254,14389.983,0.12,26.67,53.33,73.33,3.18,7.52,8.95,3.18,11.8,11.81
MLP_seq,7512.101,218773058.246,14790.979,0.12,20.0,53.33,73.33,4.77,8.65,10.7,4.77,12.51,14.69
MLP_seq,7811.763,196580042.934,14020.701,0.13,13.33,36.67,63.33,2.32,6.91,8.6,2.32,11.4,11.96
MLP_seq,7842.752,219016181.843,14799.195,0.13,23.33,43.33,70.0,6.52,10.03,11.58,6.52,13.53,14.67
MLP_seq,7728.912,230208430.074,15172.621,0.12,23.33,50.0,70.0,4.56,9.37,10.71,4.56,14.06,13.39
MLP_seq,7704.787,190898494.956,13816.602,0.13,10.0,26.67,70.0,1.57,3.5,6.07,1.57,8.45,11.04
MLP_seq,6706.812,187771039.127,13702.957,0.11,33.33,53.33,76.67,2.08,5.94,7.65,2.08,9.79,11.03
MLP_seq,6781.228,191729076.113,13846.627,0.11,26.67,50.0,76.67,3.12,7.1,8.69,3.12,11.05,11.86
MLP_seq,7133.662,201057472.088,14179.474,0.12,20.0,53.33,76.67,4.05,8.02,9.53,4.05,11.95,12.54
MLP_seq,6408.406,188383682.911,13725.294,0.11,43.33,53.33,80.0,2.57,6.38,8.13,2.57,10.18,11.58
MLP_seq,7310.401,191862500.393,13851.444,0.12,13.33,43.33,73.33,2.42,7.52,8.88,2.42,12.46,11.6
MLP_seq,7322.877,193977569.043,13927.583,0.12,10.0,43.33,70.0,2.86,6.5,8.22,2.86,10.14,11.62
MLP_seq,7103.066,183185313.859,13534.597,0.12,20.0,46.67,70.0,1.79,5.23,7.14,1.79,8.68,10.91
MLP_seq,6739.109,188981798.137,13747.065,0.11,33.33,53.33,80.0,3.72,7.63,9.24,3.72,11.51,12.45
MLP_seq,7104.544,194524460.003,13947.203,0.12,23.33,53.33,63.33,2.47,6.19,8.42,2.47,9.9,12.76
MLP_seq,6671.063,184700075.604,13590.441,0.11,30.0,50.0,80.0,2.18,6.3,7.92,2.18,10.38,11.13
MLP_seq,6960.482,198398063.343,14085.385,0.12,23.33,46.67,76.67,2.04,6.33,8.56,2.04,10.56,12.91
MLP_seq,7070.996,193138618.085,13897.432,0.12,23.33,46.67,76.67,4.17,7.7,9.21,4.17,11.24,12.21
MLP_seq,6876.303,193059048.572,13894.569,0.11,26.67,53.33,80.0,4.05,7.62,9.06,4.05,11.18,11.95
MLP_seq,6727.482,182924708.588,13524.966,0.11,30.0,50.0,73.33,1.25,5.56,7.02,1.25,9.81,9.94
MLP_seq,7055.028,200284617.331,14152.195,0.12,16.67,40.0,76.67,1.89,6.47,8.54,1.89,10.97,12.58
MLP_seq,6628.631,183671214.827,13552.535,0.11,23.33,50.0,76.67,2.47,6.28,7.95,2.47,10.08,11.27
MLP_seq,6667.476,187665167.907,13699.094,0.11,36.67,50.0,80.0,2.28,6.11,7.87,2.28,9.93,11.36
MLP_seq,6557.373,187525980.375,13694.013,0.11,36.67,53.33,76.67,2.87,6.75,8.5,2.87,10.62,11.96
MLP_seq,6594.828,187144543.873,13680.078,0.11,30.0,56.67,76.67,3.22,7.2,8.8,3.22,11.14,11.99
MLP_seq,7519.859,201201160.76,14184.539,0.12,10.0,43.33,73.33,3.2,7.09,9.12,3.2,10.96,13.09
MLP_seq,7291.75,190571077.306,13804.748,0.12,16.67,50.0,73.33,1.23,5.14,7.34,1.23,9.04,11.63
MLP_seq,7064.022,191367724.887,13833.572,0.12,26.67,50.0,70.0,3.02,6.72,9.15,3.02,10.41,13.84
MLP_seq,6703.897,192713185.372,13882.117,0.11,23.33,63.33,76.67,3.67,7.38,8.81,3.67,11.09,11.64
MLP_seq,6837.647,186270725.392,13648.103,0.12,26.67,43.33,66.67,1.21,5.6,8.1,1.21,9.92,12.93
MLP_seq,6873.569,190811897.098,13813.468,0.11,26.67,56.67,73.33,4.61,8.05,9.74,4.61,11.51,13.06
MLP_seq,7156.161,204179119.711,14289.126,0.12,20.0,46.67,73.33,3.02,6.91,9.11,3.02,10.78,13.39
MLP_seq,6847.118,188700787.747,13736.841,0.12,26.67,53.33,80.0,2.72,6.55,8.1,2.72,10.37,11.19
MLP_seq,6828.143,185150233.081,13606.992,0.11,26.67,56.67,73.33,4.03,7.19,8.46,4.03,10.38,11.01
MLP_seq,6749.947,183357637.409,13540.961,0.11,30.0,50.0,73.33,2.26,6.36,7.72,2.26,10.42,10.44
MLP_seq,7115.966,195537621.977,13983.477,0.12,23.33,43.33,66.67,1.78,5.69,8.41,1.78,9.59,13.61
MLP_seq,6771.416,186627492.231,13661.167,0.11,26.67,56.67,76.67,3.06,6.62,8.26,3.06,10.18,11.52
MLP_seq,6750.315,191503015.756,13838.461,0.11,26.67,53.33,80.0,3.19,7.13,8.78,3.19,11.05,12.04
MLP_seq,6698.083,186716603.164,13664.428,0.11,33.33,50.0,76.67,2.35,6.32,7.97,2.35,10.26,11.26
MLP_seq,6464.913,186446949.76,13654.558,0.11,33.33,56.67,80.0,3.07,6.95,8.52,3.07,10.81,11.64
MLP_seq,6900.315,186701824.889,13663.888,0.12,23.33,56.67,73.33,3.3,7.04,8.88,3.3,10.76,12.51
MLP_seq,7204.494,192089869.148,13859.649,0.12,20.0,43.33,70.0,3.13,6.36,8.2,3.13,9.63,11.83
MLP_seq,7135.042,191458447.574,13836.851,0.12,23.33,50.0,70.0,3.87,7.29,9.43,3.87,10.72,13.61
MLP_seq,6812.531,195255868.275,13973.399,0.11,26.67,60.0,73.33,4.04,7.55,9.09,4.04,11.06,12.15
MLP_seq,7253.509,192700346.291,13881.655,0.12,13.33,36.67,73.33,3.42,7.21,9.09,3.42,10.99,12.78
MLP_seq,6851.653,190581385.7,13805.122,0.11,30.0,50.0,76.67,3.36,6.56,8.31,3.36,9.79,11.75
MLP_seq,7001.696,198825008.141,14100.532,0.12,23.33,50.0,73.33,1.27,5.53,7.87,1.27,9.73,12.42
MLP_seq,6865.395,188475911.31,13728.653,0.12,33.33,46.67,76.67,2.87,6.61,8.12,2.87,10.35,11.13
MLP_seq,6769.806,189657519.968,13771.62,0.11,23.33,60.0,76.67,3.4,7.3,8.86,3.4,11.18,11.95
MLP_seq,6845.885,187689118.239,13699.968,0.11,30.0,50.0,76.67,2.88,7.01,8.6,2.88,11.09,11.77
MLP_seq,7186.432,192251615.892,13865.483,0.12,23.33,36.67,70.0,1.86,5.86,8.16,1.86,9.84,12.63
MLP_seq,6916.737,190105670.381,13787.881,0.12,23.33,53.33,73.33,3.31,6.75,8.59,3.31,10.21,12.2
MLP_seq,6941.165,193766795.435,13920.014,0.12,20.0,46.67,76.67,3.36,7.19,8.79,3.36,11.01,11.95
MLP_seq,6627.633,186859329.037,13669.65,0.11,26.67,53.33,80.0,2.75,6.76,8.28,2.75,10.73,11.31
MLP_seq,6678.426,188190161.229,13718.242,0.11,30.0,53.33,80.0,2.97,7.06,8.48,2.97,11.11,11.31
MLP_seq,7758.467,190223566.835,13792.156,0.13,13.33,30.0,66.67,1.66,5.92,8.25,1.66,10.13,12.77
MLP_seq,7873.867,195784758.912,13992.311,0.13,10.0,33.33,63.33,1.28,5.1,7.35,1.28,8.92,11.73
MLP_seq,6827.093,181232441.558,13462.26,0.11,23.33,60.0,73.33,3.74,7.11,9.26,3.74,10.51,13.46
MLP_seq,6776.105,186902585.432,13671.232,0.11,23.33,56.67,80.0,3.76,7.15,8.47,3.76,10.57,11.1
MLP_seq,7575.829,194659008.4,13952.025,0.13,16.67,43.33,63.33,0.94,6.05,8.57,0.94,11.01,13.43
MLP_seq,7054.679,190095478.841,13787.512,0.12,23.33,50.0,76.67,2.91,6.81,8.59,2.91,10.69,12.09
MLP_seq,7184.068,198210184.049,14078.714,0.12,23.33,46.67,73.33,3.18,6.49,9.02,3.18,9.83,13.89
MLP_seq,6601.111,185394939.116,13615.981,0.11,36.67,60.0,80.0,3.58,7.17,8.77,3.58,10.75,11.95
MLP_seq,6765.107,185863870.183,13633.19,0.11,33.33,53.33,70.0,4.49,7.6,8.96,4.49,10.74,11.69
MLP_seq,6928.314,180325460.059,13428.532,0.12,23.33,50.0,73.33,3.34,7.08,8.4,3.34,10.81,11.06
MLP_seq,7769.426,212254330.905,14568.951,0.13,16.67,26.67,63.33,2.46,6.7,8.65,2.46,10.9,12.48
MLP_seq,6804.454,187706213.487,13700.592,0.11,26.67,46.67,80.0,3.1,7.18,8.63,3.1,11.23,11.53
MLP_seq,6652.559,190244502.771,13792.915,0.11,33.33,50.0,76.67,2.78,7.03,8.55,2.78,11.22,11.57
MLP_seq,6883.902,193642660.635,13915.555,0.12,33.33,50.0,76.67,3.13,6.78,8.24,3.13,10.44,11.14
MLP_seq,6633.791,192766697.449,13884.045,0.11,40.0,56.67,76.67,2.86,7.21,8.84,2.86,11.49,12.09
MLP_seq,7404.501,200747380.042,14168.535,0.13,13.33,40.0,63.33,2.13,4.44,7.14,2.13,6.83,12.32
MLP_seq,8200.234,196972312.854,14034.682,0.14,13.33,23.33,56.67,0.48,5.34,7.68,0.48,10.1,12.22
MLP_seq,7866.733,184972593.68,13600.463,0.13,6.67,36.67,60.0,3.01,6.99,9.24,3.01,10.95,13.6
MLP_seq,6823.917,180177866.087,13423.035,0.12,33.33,53.33,76.67,4.72,6.77,8.14,4.72,8.89,10.89
MLP_seq,8356.59,206629703.38,14374.62,0.14,13.33,30.0,60.0,0.13,5.68,8.68,0.13,11.02,14.4
MLP_seq,7006.051,184768031.323,13592.94,0.12,26.67,56.67,73.33,2.21,6.12,7.9,2.21,10.0,11.43
MLP_seq,7906.189,199921054.722,14139.344,0.13,10.0,30.0,73.33,2.96,6.3,9.11,2.96,9.65,14.47
MLP_seq,6924.563,181323769.545,13465.651,0.12,23.33,46.67,80.0,3.5,7.02,8.64,3.5,10.54,11.87
MLP_seq,6799.971,179686237.962,13404.71,0.12,30.0,50.0,73.33,4.22,7.0,8.15,4.22,9.83,10.46
MLP_seq,7335.044,190006272.287,13784.276,0.12,20.0,40.0,70.0,1.91,6.44,7.68,1.91,10.89,10.18
MLP_seq,8437.721,228472154.533,15115.295,0.14,10.0,30.0,60.0,0.96,5.58,8.79,0.96,10.12,14.84
MLP_seq,6821.169,188418824.207,13726.574,0.11,26.67,50.0,73.33,2.4,6.34,8.13,2.4,10.25,11.68
MLP_seq,7006.347,191831354.944,13850.32,0.12,30.0,53.33,73.33,2.54,6.37,8.0,2.54,10.18,11.23
MLP_seq,6866.359,190227309.175,13792.292,0.11,30.0,46.67,80.0,3.0,7.03,8.66,3.0,11.02,11.91
MLP_seq,6818.789,189786999.516,13776.32,0.11,36.67,50.0,80.0,2.12,7.17,8.59,2.12,12.07,11.44
MLP_seq,7124.387,195725192.233,13990.182,0.12,16.67,36.67,80.0,1.75,6.18,6.92,1.75,10.55,8.42
MLP_seq,7627.271,203145492.255,14252.912,0.13,23.33,40.0,63.33,1.1,6.42,8.17,1.1,11.56,11.65
MLP_seq,7128.332,199883446.206,14138.014,0.12,26.67,50.0,73.33,3.11,7.13,8.99,3.11,11.11,12.65
MLP_seq,6914.5,196176196.609,14006.291,0.12,30.0,53.33,66.67,2.23,6.33,7.98,2.23,10.38,11.26
MLP_seq,7116.174,204874901.788,14313.452,0.12,33.33,50.0,73.33,2.38,6.86,8.82,2.38,11.26,12.68
MLP_seq,7287.576,210282054.15,14501.105,0.12,23.33,50.0,73.33,4.04,7.78,9.35,4.04,11.51,12.49
MLP_seq,6869.095,182466048.539,13507.999,0.12,26.67,46.67,76.67,0.04,4.6,6.73,0.04,9.08,10.9
MLP_seq,7056.948,196372515.487,14013.298,0.12,16.67,50.0,73.33,3.39,7.19,8.77,3.39,10.98,11.91
MLP_seq,6993.133,193932274.907,13925.957,0.12,30.0,43.33,76.67,3.08,6.97,8.74,3.08,10.84,12.24
MLP_seq,7223.873,208300693.644,14432.626,0.12,26.67,56.67,70.0,2.94,7.16,8.92,2.94,11.34,12.38
MLP_seq,7432.314,211738844.156,14551.249,0.12,23.33,53.33,66.67,2.43,7.11,9.16,2.43,11.69,13.16
MLP_seq,7001.319,193843611.434,13922.773,0.12,20.0,56.67,76.67,2.44,6.2,8.06,2.44,9.96,11.72
MLP_seq,7323.087,205482746.991,14334.669,0.12,23.33,46.67,73.33,4.49,7.68,9.42,4.49,10.91,12.86
MLP_seq,7364.342,206426770.802,14367.56,0.12,23.33,46.67,73.33,4.99,8.18,9.59,4.99,11.4,12.4
MLP_seq,7315.055,209166147.26,14462.577,0.12,26.67,50.0,76.67,4.56,7.58,9.14,4.56,10.63,12.25
MLP_seq,7140.172,195497704.824,13982.049,0.12,16.67,46.67,73.33,2.52,6.54,7.93,2.52,10.52,10.72
MLP_seq,7355.6,203444336.377,14263.391,0.12,23.33,56.67,70.0,2.98,6.52,8.75,2.98,10.07,13.07
MLP_seq,6925.343,208004174.488,14422.35,0.11,33.33,56.67,73.33,3.43,6.9,8.85,3.43,10.37,12.68
MLP_seq,6916.634,202973463.069,14246.876,0.11,26.67,56.67,73.33,2.62,6.25,8.25,2.62,9.88,12.18
MLP_seq,6912.558,194316691.192,13939.752,0.12,30.0,50.0,70.0,1.83,6.11,8.09,1.83,10.34,11.99
MLP_seq,6784.051,186470719.981,13655.428,0.12,30.0,40.0,73.33,0.81,4.66,6.2,0.81,8.5,9.27
MLP_seq,6767.037,191694121.755,13845.365,0.11,26.67,53.33,73.33,3.35,6.98,8.58,3.35,10.6,11.77
MLP_seq,6698.84,185295115.656,13612.315,0.11,26.67,46.67,76.67,1.89,5.21,7.09,1.89,8.55,10.81
MLP_seq,7173.325,199729914.925,14132.583,0.12,13.33,56.67,70.0,3.38,6.94,8.54,3.38,10.5,11.72
MLP_seq,6970.865,198301243.213,14081.947,0.12,23.33,63.33,70.0,3.87,7.43,9.13,3.87,11.0,12.5
MLP_seq,6726.533,191937210.763,13854.141,0.11,36.67,60.0,73.33,3.34,6.74,8.62,3.34,10.15,12.33
MLP_seq,7097.262,199306386.885,14117.591,0.12,16.67,53.33,73.33,3.5,7.43,9.06,3.5,11.33,12.3
MLP_seq,6788.663,192346284.684,13868.896,0.11,20.0,60.0,73.33,2.18,6.19,7.9,2.18,10.17,11.29
MLP_seq,6817.203,192852468.053,13887.133,0.11,20.0,53.33,76.67,2.61,5.95,7.7,2.61,9.31,11.18
MLP_seq,7069.075,197067651.326,14038.079,0.12,23.33,56.67,73.33,3.65,6.77,8.6,3.65,9.92,12.21
MLP_seq,6815.213,187602617.18,13696.81,0.12,16.67,46.67,73.33,1.73,5.47,6.82,1.73,9.2,9.53
MLP_seq,7178.802,204217393.926,14290.465,0.12,23.33,53.33,70.0,3.52,7.32,8.85,3.52,11.11,11.88
MLP_seq,7171.524,200324325.614,14153.598,0.12,23.33,50.0,76.67,3.02,6.66,8.74,3.02,10.3,12.8
MLP_seq,7165.709,195976616.738,13999.165,0.12,20.0,50.0,70.0,2.81,6.36,7.9,2.81,9.92,10.96
MLP_seq,7197.701,206418499.749,14367.272,0.12,26.67,53.33,70.0,3.97,7.82,9.61,3.97,11.65,13.13
MLP_seq,7215.693,208585889.449,14442.503,0.12,20.0,53.33,70.0,3.91,7.76,9.27,3.91,11.58,12.3
MLP_seq,6827.824,194770864.686,13956.033,0.11,26.67,56.67,76.67,2.72,6.55,8.51,2.72,10.38,12.34
MLP_seq,7127.87,195251065.998,13973.227,0.12,16.67,53.33,70.0,3.61,6.84,8.53,3.61,10.11,11.87
MLP_seq,7139.961,199020315.861,14107.456,0.12,20.0,56.67,70.0,3.47,6.94,8.53,3.47,10.41,11.7
MLP_seq,6792.273,188949168.215,13745.878,0.11,30.0,46.67,73.33,2.29,6.1,7.56,2.29,9.91,10.48
MLP_seq,7002.302,198878189.13,14102.418,0.12,20.0,56.67,70.0,3.99,7.65,9.34,3.99,11.32,12.67
MLP_seq,7127.087,201786740.091,14205.166,0.12,23.33,50.0,73.33,3.61,7.15,8.88,3.61,10.7,12.3
MLP_seq,7273.944,201154351.892,14182.889,0.12,20.0,53.33,73.33,4.12,7.41,8.97,4.12,10.72,12.06
MLP_seq,7318.289,202076325.801,14215.355,0.12,16.67,50.0,73.33,4.52,7.74,9.23,4.52,10.98,12.19
MLP_seq,7131.081,197905290.466,14067.882,0.12,23.33,50.0,73.33,4.18,7.22,8.81,4.18,10.3,11.97
MLP_seq,6946.958,185597683.603,13623.424,0.12,30.0,43.33,66.67,0.51,3.98,5.81,0.51,7.46,9.41
MLP_seq,7018.32,195845802.895,13994.492,0.12,23.33,60.0,70.0,2.66,6.18,8.0,2.66,9.71,11.61
MLP_seq,6748.623,184728708.154,13591.494,0.11,23.33,53.33,70.0,1.96,5.41,7.51,1.96,8.88,11.6
MLP_seq,6902.409,193813971.274,13921.709,0.12,26.67,50.0,70.0,2.43,5.76,7.46,2.43,9.11,10.83
MLP_seq,6453.203,186760561.383,13666.037,0.11,30.0,60.0,76.67,1.71,5.5,7.52,1.71,9.29,11.46
MLP_seq,7093.521,206719675.258,14377.749,0.12,23.33,60.0,73.33,4.47,7.83,9.48,4.47,11.21,12.75
MLP_seq,6974.889,201503450.857,14195.191,0.11,23.33,60.0,73.33,3.66,7.48,9.2,3.66,11.28,12.61
MLP_seq,6962.581,197406505.996,14050.143,0.12,23.33,53.33,73.33,3.46,7.26,8.91,3.46,11.05,12.16
MLP_seq,7113.522,199980490.996,14141.446,0.12,13.33,56.67,70.0,3.39,6.99,8.61,3.39,10.6,11.83
MLP_seq,6956.052,199835135.275,14136.306,0.12,26.67,56.67,73.33,2.99,6.7,8.34,2.99,10.4,11.58
MLP_seq,7199.334,206077913.434,14355.414,0.12,26.67,56.67,70.0,4.2,8.11,9.79,4.2,12.0,13.1
MLP_seq,7062.119,201163080.402,14183.197,0.12,16.67,53.33,73.33,2.99,6.77,8.49,2.99,10.53,11.89
MLP_seq,7288.174,203193173.826,14254.584,0.12,13.33,50.0,73.33,3.9,7.53,9.1,3.9,11.16,12.22
MLP_seq,6992.726,195600087.509,13985.71,0.12,23.33,50.0,73.33,4.0,7.44,8.8,4.0,10.89,11.53
MLP_seq,7039.021,197905243.986,14067.88,0.12,20.0,50.0,73.33,4.1,7.63,8.96,4.1,11.18,11.63
MLP_seq,6928.191,194448799.928,13944.49,0.12,23.33,56.67,76.67,3.31,6.66,8.53,3.31,10.03,12.2
MLP_seq,6839.071,195221919.408,13972.184,0.11,26.67,53.33,73.33,3.08,6.35,7.9,3.08,9.64,10.99
MLP_seq,7033.688,198394167.513,14085.246,0.12,20.0,60.0,70.0,3.35,7.05,8.81,3.35,10.74,12.29
MLP_seq,6949.651,196280487.117,14010.014,0.12,26.67,43.33,76.67,2.99,6.65,8.18,2.99,10.31,11.22
MLP_seq,7089.494,193943457.593,13926.358,0.12,20.0,50.0,76.67,3.08,6.78,8.7,3.08,10.49,12.46
MLP_seq,7000.616,193282461.51,13902.606,0.12,13.33,50.0,73.33,2.89,6.36,7.92,2.89,9.86,11.01
MLP_seq,7202.582,196889070.992,14031.717,0.12,20.0,53.33,73.33,4.06,7.59,9.47,4.06,11.12,13.17
MLP_seq,7048.642,188885362.933,13743.557,0.12,16.67,50.0,76.67,2.96,6.19,7.94,2.96,9.46,11.4
MLP_seq,7127.754,196963245.176,14034.359,0.12,16.67,53.33,70.0,3.39,6.89,8.42,3.39,10.39,11.48
MLP_seq,6939.091,198199641.39,14078.339,0.12,23.33,53.33,73.33,3.12,6.93,8.53,3.12,10.73,11.7
MLP_seq,6837.174,190905906.259,13816.87,0.11,30.0,50.0,76.67,2.34,6.02,7.71,2.34,9.69,11.05
MLP_seq,7108.371,197037601.232,14037.008,0.12,23.33,53.33,73.33,3.4,6.72,8.38,3.4,10.07,11.67
MLP_seq,7041.131,198494465.969,14088.806,0.12,20.0,53.33,73.33,3.59,7.14,8.78,3.59,10.69,12.04
MLP_seq,6966.082,194910300.983,13961.028,0.12,30.0,53.33,73.33,3.42,6.74,8.34,3.42,10.07,11.53
MLP_seq,6952.532,195126222.432,13968.759,0.12,23.33,56.67,76.67,3.6,6.97,8.64,3.6,10.36,11.96
MLP_seq,6905.841,193021980.22,13893.235,0.11,16.67,50.0,73.33,4.02,7.19,9.06,4.02,10.4,12.74
MLP_seq,7202.376,197483109.013,14052.868,0.12,20.0,53.33,73.33,4.29,7.44,9.21,4.29,10.62,12.7
MLP_seq,6937.129,191173104.435,13826.536,0.12,16.67,56.67,70.0,2.53,5.84,7.57,2.53,9.18,10.99
MLP_seq,6917.531,200188202.882,14148.788,0.11,16.67,53.33,73.33,3.11,6.64,8.32,3.11,10.19,11.65
MLP_seq,6672.6,190430576.205,13799.659,0.11,23.33,60.0,76.67,2.2,6.09,8.1,2.2,9.96,12.04
MLP_seq,7142.48,198996449.526,14106.61,0.12,16.67,56.67,73.33,3.96,7.65,9.28,3.96,11.34,12.51
MLP_seq,6969.453,188570948.291,13732.114,0.12,16.67,50.0,76.67,3.16,6.59,8.18,3.16,10.04,11.32
MLP_seq,7179.869,199047893.932,14108.433,0.12,16.67,56.67,73.33,4.06,7.42,9.14,4.06,10.81,12.54
MLP_seq,6994.703,192108209.237,13860.311,0.12,20.0,56.67,70.0,3.68,7.03,8.45,3.68,10.4,11.29
MLP_seq,6950.04,191603936.917,13842.107,0.12,26.67,56.67,73.33,2.88,6.68,8.25,2.88,10.46,11.39
MLP_seq,6791.161,190690895.113,13809.087,0.11,20.0,53.33,76.67,2.86,6.41,8.34,2.86,9.97,12.11
MLP_seq,7050.035,196651858.758,14023.261,0.12,20.0,50.0,76.67,3.33,6.9,8.59,3.33,10.48,11.94
MLP_seq,7062.83,196413201.822,14014.749,0.12,13.33,53.33,73.33,3.55,6.9,8.62,3.55,10.26,12.03
MLP_seq,7113.993,196245268.329,14008.757,0.12,16.67,53.33,73.33,3.96,7.23,8.9,3.96,10.53,12.2
MLP_seq,7037.197,199022498.899,14107.533,0.12,26.67,56.67,73.33,3.95,7.33,9.06,3.95,10.73,12.47
MLP_seq,7120.924,194543442.418,13947.883,0.12,13.33,56.67,73.33,3.95,7.55,9.11,3.95,11.15,12.23
MLP_seq,6822.209,191952532.755,13854.694,0.11,30.0,53.33,76.67,3.51,6.93,8.84,3.51,10.37,12.59
MLP_seq,6822.248,185601516.375,13623.565,0.11,23.33,46.67,73.33,3.03,6.2,8.24,3.03,9.41,12.23
MLP_seq,7095.069,202067347.093,14215.039,0.12,20.0,46.67,73.33,4.52,8.08,9.73,4.52,11.65,12.98
MLP_seq,7232.378,202983484.17,14247.227,0.12,16.67,50.0,73.33,3.55,7.39,9.6,3.55,11.21,13.9
MLP_seq,7163.078,196551793.69,14019.693,0.12,16.67,56.67,73.33,3.36,6.76,8.34,3.36,10.18,11.48
MLP_seq,6658.453,186158935.123,13644.007,0.11,23.33,56.67,76.67,2.1,6.24,8.27,2.1,10.35,12.24
MLP_seq,6929.49,192962620.879,13891.099,0.12,20.0,53.33,70.0,2.14,6.15,8.04,2.14,10.13,11.76
MLP_seq,6840.082,185860275.643,13633.058,0.12,20.0,50.0,73.33,2.36,5.83,7.57,2.36,9.32,11.0
MLP_seq,6786.046,191177504.589,13826.695,0.11,33.33,53.33,73.33,2.76,6.55,8.09,2.76,10.34,11.14
MLP_seq,6759.201,194701458.049,13953.546,0.11,26.67,50.0,76.67,1.86,6.23,8.19,1.86,10.53,12.04
MLP_seq,6844.956,186502801.475,13656.603,0.12,16.67,53.33,76.67,2.82,6.23,7.89,2.82,9.66,11.17
MLP_seq,7210.331,197856747.094,14066.156,0.12,13.33,46.67,73.33,4.42,7.7,9.18,4.42,10.99,12.13
MLP_seq,7174.796,200650345.978,14165.11,0.12,20.0,53.33,76.67,3.97,7.57,9.11,3.97,11.16,12.16
MLP_seq,6777.965,186735599.269,13665.123,0.11,23.33,53.33,76.67,3.07,6.53,8.09,3.07,10.01,11.2
MLP_seq,6957.743,190247475.442,13793.023,0.12,16.67,56.67,76.67,3.84,7.23,8.94,3.84,10.64,12.3
MLP_seq,7215.842,192791497.974,13884.938,0.12,13.33,46.67,73.33,3.05,6.64,8.34,3.05,10.23,11.71
MLP_seq,6847.091,185008549.862,13601.785,0.12,30.0,60.0,76.67,2.86,6.44,8.45,2.86,10.02,12.4
MLP_seq,6891.785,192290534.611,13866.886,0.12,23.33,53.33,76.67,3.05,6.65,8.24,3.05,10.25,11.41
MLP_seq,6706.747,193959327.075,13926.928,0.11,20.0,60.0,76.67,2.73,6.74,8.72,2.73,10.72,12.6
MLP_seq,6871.157,192754130.502,13883.592,0.11,16.67,56.67,80.0,3.45,7.2,8.75,3.45,10.94,11.84
MLP_seq,7015.728,196258567.632,14009.232,0.12,20.0,50.0,76.67,3.08,6.78,8.79,3.08,10.47,12.74
MLP_seq,7061.319,192243994.039,13865.208,0.12,13.33,50.0,73.33,3.44,6.96,8.65,3.44,10.49,12.0
MLP_seq,6830.206,191625492.366,13842.886,0.11,16.67,63.33,80.0,3.24,7.16,8.77,3.24,11.05,11.96
MLP_seq,6901.54,190510853.527,13802.567,0.12,23.33,50.0,76.67,2.94,7.15,8.65,2.94,11.31,11.65
MLP_seq,6858.08,182667802.079,13515.465,0.12,23.33,53.33,73.33,2.4,6.2,8.23,2.4,10.0,12.19
MLP_seq,6891.404,190783430.788,13812.438,0.12,20.0,56.67,76.67,3.18,6.73,8.53,3.18,10.29,12.08
MLP_seq,6930.652,196281388.972,14010.046,0.12,20.0,50.0,76.67,3.8,7.36,8.99,3.8,10.92,12.23
MLP_seq,7067.765,198612022.233,14092.978,0.12,20.0,53.33,73.33,3.78,7.3,8.98,3.78,10.83,12.3
MLP_seq,7002.136,196927719.652,14033.094,0.12,26.67,46.67,76.67,3.62,7.52,9.13,3.62,11.39,12.33
MLP_seq,6761.173,188779617.93,13739.71,0.11,23.33,63.33,76.67,3.63,7.42,9.01,3.63,11.2,12.17
MLP_seq,7159.683,191026754.152,13821.243,0.12,13.33,56.67,76.67,3.55,7.21,8.89,3.55,10.88,12.2
MLP_seq,7112.045,192592006.253,13877.752,0.12,20.0,50.0,70.0,3.24,6.79,8.76,3.24,10.35,12.62
MLP_seq,6953.073,194491484.43,13946.02,0.12,23.33,56.67,76.67,3.77,7.52,9.05,3.77,11.25,12.09
MLP_seq,7040.6,192370779.405,13869.779,0.12,16.67,46.67,70.0,2.37,6.35,8.37,2.37,10.3,12.32
MLP_seq,7081.431,196797362.49,14028.448,0.12,16.67,46.67,80.0,3.82,7.44,9.21,3.82,11.07,12.68
MLP_seq,6946.21,196484966.349,14017.31,0.12,23.33,56.67,73.33,3.12,7.13,9.11,3.12,11.11,12.99
MLP_seq,7043.115,195269944.411,13973.902,0.12,16.67,56.67,76.67,3.73,7.36,8.95,3.73,10.99,12.12
MLP_seq,6986.172,194122488.145,13932.785,0.12,23.33,56.67,73.33,3.93,7.51,8.98,3.93,11.11,11.91
MLP_seq,7056.115,190434836.855,13799.813,0.12,16.67,46.67,76.67,3.26,7.33,8.8,3.26,11.36,11.74
MLP_seq,7270.6,202198159.301,14219.64,0.12,20.0,40.0,73.33,3.26,7.08,9.07,3.26,10.88,12.97
MLP_seq,6868.259,192097181.851,13859.913,0.11,23.33,53.33,76.67,3.43,7.13,8.86,3.43,10.82,12.29
MLP_seq,6849.31,193205992.257,13899.856,0.11,20.0,56.67,76.67,3.42,7.18,8.94,3.42,10.93,12.42
MLP_seq,6963.981,197514938.644,14054.001,0.12,20.0,50.0,76.67,3.68,7.56,9.13,3.68,11.41,12.26
MLP_seq,6823.564,191692839.458,13845.318,0.11,23.33,53.33,76.67,3.41,7.5,9.02,3.41,11.55,12.06
MLP_seq,7058.28,193596202.583,13913.885,0.12,13.33,56.67,76.67,3.37,7.61,9.31,3.37,11.8,12.68
MLP_seq,7167.383,195929414.561,13997.479,0.12,13.33,40.0,76.67,3.79,7.54,9.23,3.79,11.27,12.57
MLP_seq,6958.348,186834424.934,13668.739,0.12,20.0,60.0,73.33,3.08,6.81,8.75,3.08,10.53,12.56
MLP_seq,6862.684,195093757.233,13967.597,0.11,20.0,56.67,80.0,3.7,7.4,8.76,3.7,11.09,11.49
MLP_seq,7214.494,195831362.926,13993.976,0.12,16.67,46.67,73.33,3.17,7.16,9.16,3.17,11.12,13.07
MLP_seq,6840.123,192786436.364,13884.756,0.11,20.0,56.67,80.0,3.2,7.07,8.79,3.2,10.93,12.19
MLP_seq,7074.638,196523914.822,14018.699,0.12,20.0,53.33,73.33,3.83,7.66,9.39,3.83,11.47,12.8
MLP_seq,7149.557,194091580.385,13931.675,0.12,16.67,46.67,76.67,3.84,7.53,9.01,3.84,11.21,11.97
MLP_seq,6950.429,194461743.361,13944.954,0.12,16.67,56.67,80.0,3.76,7.67,9.15,3.76,11.56,12.09
MLP_seq,6849.809,190448591.202,13800.311,0.11,30.0,53.33,76.67,3.18,7.19,8.52,3.18,11.17,11.17
MLP_seq,7016.635,200752459.306,14168.714,0.12,26.67,43.33,73.33,2.99,6.79,9.04,2.99,10.58,13.42
MLP_seq,6884.782,190340654.548,13796.4,0.12,26.67,50.0,76.67,3.33,7.08,8.6,3.33,10.82,11.63
MLP_seq,7008.801,194044078.625,13929.971,0.12,23.33,53.33,76.67,3.5,7.38,8.88,3.5,11.24,11.89
MLP_seq,6910.335,195303696.284,13975.11,0.11,26.67,50.0,76.67,3.47,7.23,8.86,3.47,10.98,12.1
MLP_seq,6596.032,187491131.68,13692.74,0.11,30.0,53.33,76.67,2.98,6.81,8.58,2.98,10.63,12.07
MLP_seq,7013.563,190894567.794,13816.46,0.12,26.67,43.33,73.33,2.09,6.45,8.49,2.09,10.75,12.5
MLP_seq,7389.963,191078568.464,13823.117,0.12,23.33,46.67,66.67,2.46,6.38,8.43,2.46,10.29,12.43
MLP_seq,7135.132,181352122.822,13466.704,0.12,16.67,53.33,73.33,4.07,7.78,9.62,4.07,11.48,13.26
MLP_seq,6657.961,192623218.767,13878.877,0.11,36.67,60.0,80.0,3.0,6.84,8.48,3.0,10.66,11.73
MLP_seq,7422.961,192756164.675,13883.665,0.12,13.33,43.33,66.67,1.02,5.66,8.23,1.02,10.21,13.18
MLP_seq,6955.71,186790585.9,13667.135,0.12,23.33,53.33,76.67,3.72,6.88,8.31,3.72,10.08,11.17
MLP_seq,7179.742,198954612.556,14105.127,0.12,23.33,40.0,73.33,3.22,6.59,9.17,3.22,9.97,14.15
MLP_seq,7037.044,190953075.125,13818.577,0.12,30.0,46.67,80.0,3.99,7.64,8.93,3.99,11.29,11.52
MLP_seq,6658.327,185852176.701,13632.761,0.11,33.33,53.33,73.33,4.37,7.57,8.89,4.37,10.81,11.52
MLP_seq,7066.104,189609735.134,13769.885,0.12,20.0,50.0,70.0,2.75,7.23,8.3,2.75,11.63,10.47
MLP_seq,7778.521,206225461.741,14360.552,0.13,16.67,30.0,60.0,1.64,5.92,8.13,1.64,10.15,12.43
MLP_seq,6893.928,188149070.049,13716.744,0.12,20.0,50.0,80.0,3.43,7.26,8.57,3.43,11.07,11.2
MLP_seq,6795.346,191180619.023,13826.808,0.11,23.33,50.0,76.67,3.39,7.07,8.59,3.39,10.74,11.63
MLP_seq,6783.51,192461521.207,13873.05,0.11,30.0,50.0,76.67,3.26,6.99,8.56,3.26,10.71,11.68
MLP_seq,6945.672,193178332.9,13898.861,0.12,30.0,46.67,73.33,3.33,6.96,8.82,3.33,10.59,12.48
MLP_seq,8021.267,206613902.672,14374.07,0.13,10.0,23.33,53.33,0.27,6.05,8.08,0.27,12.05,12.06
MLP_seq,8057.047,204750537.798,14309.107,0.13,16.67,30.0,56.67,0.7,5.57,8.05,0.7,11.52,12.84
MLP_seq,8522.54,211825031.421,14554.21,0.14,10.0,26.67,60.0,2.95,7.87,9.69,2.95,12.66,13.27
MLP_seq,6692.987,177854973.481,13336.228,0.11,33.33,53.33,76.67,3.01,6.31,7.92,3.01,9.63,11.12
MLP_seq,7957.77,199678599.241,14130.768,0.13,10.0,30.0,66.67,0.35,4.74,8.15,0.35,9.08,14.54
MLP_seq,6887.137,178470747.98,13359.294,0.12,26.67,53.33,76.67,2.93,6.21,7.72,2.93,9.51,10.72
MLP_seq,8221.208,202359880.598,14225.325,0.14,10.0,26.67,73.33,3.68,6.7,8.95,3.68,9.76,13.31
MLP_seq,6890.718,186104049.431,13641.996,0.12,30.0,56.67,73.33,4.58,7.85,8.99,4.58,11.14,11.31
MLP_seq,6721.542,182270302.273,13500.752,0.11,36.67,60.0,70.0,4.62,7.08,8.5,4.62,9.6,11.32
MLP_seq,7061.203,178634657.104,13365.428,0.12,23.33,50.0,66.67,1.38,6.34,7.47,1.38,11.18,9.73
MLP_seq,8396.726,195965758.869,13998.777,0.14,10.0,26.67,56.67,0.8,5.55,7.77,0.8,10.21,12.1
MLP_seq,6846.963,185889902.57,13634.145,0.12,30.0,46.67,76.67,1.93,6.54,8.24,1.93,11.07,11.59
MLP_seq,6663.519,189560059.146,13768.081,0.11,30.0,53.33,73.33,2.06,6.24,7.81,2.06,10.38,10.94
MLP_seq,7125.471,196273855.819,14009.777,0.12,26.67,50.0,76.67,2.23,5.92,7.63,2.23,9.62,11.0
MLP_seq,6647.195,183744828.853,13555.251,0.11,26.67,56.67,80.0,2.42,6.73,8.22,2.42,10.99,11.18
